,pdb_id,w_aa,w_rna,w_rna_window,m_rna,m_rna_window,m_start,m_len,m_type
0,2JS2,GSMAEEVVVVAKFDYVAQQEQELDIKKNERLWLLDDSKSWWRVRNSMNKTGFVPSNYVERKNS,GGGUCGAUGGCUGAGGAGGUUGUGGUUGUGGCAAAAUUCGACUAUGUAGCCCAGCAGGAGCAGGAAUUAGACAUCAAAAAAAAUGAAAGACUGUGGUUGCUCGACGAUUCAAAGUCGUGGUGGCGGGUGCGCAACUCUAUGAACAAGACUGGUUUUGUGCCGAGUAACUACGUAGAGCGAAAGAACAGU,UUGUGGCAAAAUUCGACUAUGUAGCCCAGC,GGGUCGAUGGCUGAGGAGGUUGUGGUUGUGGCAAAAUUCGACUAUGCGAUUUCAGAGGAGCAGGAAUUAGACAUCAAAAAAAAUGAAAGACUGUGGUUGCUCGACGAUUCAAAGUCGUGGUGGCGGGUGCGCAACUCUAUGAACAAGACUGGUUUUGUGCCGAGUAACUACGUAGAGCGAAAGAACAGU,UUGUGGCAAAAUUCGACUAUGCGAUUUCAG,46,9,s
1,1TCG,RDCCTKKCKDRQCKQRCCA,CGUGACUGUUGCACUAAAAAAUGCAAAGACCGCCAGUGUAAACAGAGAUGCUGCGCG,CGUGACUGUUGCACUAAAAAAUGCAAAGAC,CGUGACUGUCUAAAAAAUGCAAAGACCGCCAGUGUAAACAGAGAUGCUGCGCG,CGUGACUGUCUAAAAAAUGCAAAGACCGCC,9,4,d
2,2DMV,GSSGSSGLPPGWEQRVDQHGRVYYVDHVEKRTTWDRPSGPSSG,GGCUCCUCCGGAUCAUCGGGUCUGCCUCCUGGUUGGGAGCAACGGGUUGAUCAACAUGGCAGAGUGUAUUAUGUCGAUCAUGUGGAAAAGAGAACCACCUGGGAUCGCCCCUCGGGACCUUCAAGUGGA,UGGGAUCGCCCCUCGGGACCUUCAAGUGGA,GGCUCCUCCGGAUCAUCGGGUCUGCCUCCUGGUUGGGAGCAACGGGUUGAUCAACAUGGCAGAGUGUAUUAUGUCGAUCAUGUGGAAAAGAGAACCACCUGGGAUCGCCCCUCGGGACCUUCACUAGUGGA,UGGGAUCGCCCCUCGGGACCUUCACUAGUG,123,2,i
3,2RV7,GSSGSSGKPYKCPQCSYASAIKANLNVHLRKHTGEKFACDYCSFTCLSKGHLKVHIERVHKKIKQHCRFCKKKYSDVKNLIKHIRDAHDPQD,GGGAGCAGUGGUUCAUCGGGUAAACCUUACAAGUGUCCUCAAUGCAGCUACGCGAGCGCGAUCAAAGCGAAUCUCAACGUCCACCUCAGGAAGCAUACGGGAGAAAAAUUUGCGUGCGACUACUGCUCGUUCACAUGCUUGUCAAAGGGUCACUUAAAGGUUCACAUUGAACGCGUACACAAAAAAAUCAAACAACAUUGCCGGUUUUGCAAAAAAAAAUAUAGCGACGUUAAGAAUCUCAUCAAACACAUACGUGAUGCUCACGAUCCACAAGAU,CUUGUCAAAGGGUCACUUAAAGGUUCACAU,GGGAGCAGUGGUUCAUCGGGUAAACCUUACAAGUGUCCUCAAUGCAGCUACGCGAGCGCGAUCAAAGCGAAUCUCAACGUCCACCUCAGGAAGCAUACGGGAGAAAAAUUUGCGUGCGACUACUGCUCGUUCACAUGCUUGUCAAAGGGUCACUUAAAGGUUGUUUCACAUUGAACGCGUACACAAAAAAAUCAAACAACAUUGCCGGUUUUGCAAAAAAAAAUAUAGCGACGUUAAGAAUCUCAUCAAACACAUACGUGAUGCUCACGAUCCACAAGAU,CUUGUCAAAGGGUCACUUAAAGGUUGUUUC,161,4,i
4,1CIS,MKTEWPELVGKSVEEAKKVILQDKPEAQIIVLEKQAVDNAYAEYRIDRVRLAVDKLDNIAQVPRVG,AUGAAGACUGAGUGGCCAGAAUUAGUAGGUAAGUCCGUAGAGGAGGCAAAGAAAGUUAUUUUGCAGGAUAAACCGGAAGCGCAGAUUAUCGUCUUGGAGAAGCAAGCCGUCGAUAAUGCAUAUGCGGAAUAUCGUAUCGAUCGCGUUCGCCUUGCCGUCGACAAGCUUGACAACAUUGCGCAGGUGCCCCGUGUCGGU,UCGCGUUCGCCUUGCCGUCGACAAGCUUGA,AUGAAGACUGAGUGGCCAGAAUUAGUAGGUAAGUCCGUAGAGGAGGCAAAGAAAGUUAUUUUGCAGGAUAAACCGGAAGCGCAGAUUAUCGUCUUGGAGAAGCAAGCCGUCGAUAAUGCAUAUGCGGAAUAUCGUAUCGAUCGCGUUCUAUAGCCUUGCCGUCGACAAGCUUGACAACAUUGCGCAGGUGCCCCGUGUCGGU,UCGCGUUCUAUAGCCUUGCCGUCGACAAGC,148,4,i
5,2M2J,HAATELTPEQAAALKPYDRIVITGRFNAIGDAVSAVSRRADEEGAASFYVVDTSEFGNSGNWRVVADVYKA,CACGCUGCGACGGAGCUUACUCCCGAGCAAGCUGCUGCUUUAAAGCCUUAUGACCGCAUCGUAAUAACGGGCAGGUUUAAUGCGAUUGGGGACGCUGUCUCUGCCGUAUCCCGACGAGCGGAUGAGGAGGGCGCAGCGAGCUUUUACGUGGUCGAUACGAGCGAAUUCGGCAACAGUGGCAACUGGCGUGUAGUGGCAGACGUCUACAAAGCG,AGUGGCAACUGGCGUGUAGUGGCAGACGUC,CACGCUGCGACGGAGCUUACUCCCGAGCAAGCUGCUGCUUUAAAGCCUUAUGACCGCAUCGUAAUAACGGGCAGGUUUAAUGCGAUUGGGGACGCUGUCUCUGCCGUAUCCCGACGAGCGGAUGAGGAGGGCGCAGCGAGCUUUUACGUGGUCGAUACGAGCGAAUUCGGCAACAGUGGCAACUGGCGUGUAGUGGCCAGGGAGACGUCUACAAAGCG,AGUGGCAACUGGCGUGUAGUGGCCAGGGAG,197,5,i
6,7P4X,GFLDIIKDTGKEFAVKILNNLKCKLAGGCPP,GGGUUUUUGGACAUAAUAAAGGAUACCGGGAAGGAAUUUGCCGUUAAAAUAUUAAACAACUUAAAGUGCAAGUUAGCGGGAGGCUGUCCUCCG,GGAUACCGGGAAGGAAUUUGCCGUUAAAAU,GGGUUUUUGGACAUAAUAAAGGAUACGGGGAAGGAAUUUGCCGUUAAAAUAUUAAACAACUUAAAGUGCAAGUUAGCGGGAGGCUGUCCUCCG,GGAUACGGGGAAGGAAUUUGCCGUUAAAAU,26,2,s
7,1TL6,NKNIDTVREIITVASILIKFSREDIVENRANFIAFLNEIGVTHEGRKLNQNSFRKIVSELTQEDKKTLIDEFNEGFEGVYRYLEMYTNK,AAUAAAAACAUAGAUACCGUAAGAGAAAUAAUAACUGUUGCCAGUAUACUCAUAAAAUUUAGCCGGGAAGAUAUCGUAGAGAACCGGGCGAAUUUCAUCGCAUUCCUUAAUGAAAUUGGAGUUACGCACGAGGGCCGGAAGCUUAAUCAGAAUUCCUUCAGAAAAAUAGUCUCUGAGCUAACCCAGGAAGAUAAAAAAACGCUAAUCGACGAGUUUAACGAGGGGUUCGAAGGCGUUUACCGGUACCUUGAGAUGUAUACGAAUAAA,AUCAGAAUUCCUUCAGAAAAAUAGUCUCUG,AAUAAAAACAUAGAUACCGUAAGAGAAAUAAUAACUGUUGCCAGUAUACUCAUAAAAUUUAGCCGGGAAGAUAUCGUAGAGAACCGGGCGAAUUUCAUCGCAUUCCUUAAUGAAAUUGGAGUUACGCACGAGGGCCGGAAGCUUAAUCAGAAUUCCUUCAGAAAAAUAGUCUCUAGCUAACCCAGGAAGAUAAAAAAACGCUAAUCGACGAGUUUAACGAGGGGUUCGAAGGCGUUUACCGGUACCUUGAGAUGUAUACGAAUAAA,AUCAGAAUUCCUUCAGAAAAAUAGUCUCUA,174,1,d
8,1N2Y,CFRARGYGFRGPGLC,UGCUUCCGAGCCCGUGGGUACGGGUUCAGGGGACCCGGUUUGUGU,AGCCCGUGGGUACGGGUUCAGGGGACCCGG,UGCUUCCGAGCCCGUGGGUACGGGUUCAGGGGCAUCGGUUUGUGU,AGCCCGUGGGUACGGGUUCAGGGGCAUCGG,31,4,s
9,1IJC,MECYRCGVSGCHLKITCSAEETFCYKWLNKISNERWLGCAKTCTEIDTWNVYNKCCTTNLCNT,AUGGAGUGUUAUCGUUGCGGCGUGUCUGGAUGUCAUUUGAAGAUAACCUGCAGUGCAGAAGAAACAUUUUGCUACAAAUGGCUGAACAAAAUUUCCAACGAGAGGUGGCUGGGAUGUGCAAAGACCUGCACGGAGAUUGACACAUGGAACGUGUACAACAAGUGUUGUACGACUAACUUGUGUAAUACG,UAACCUGCAGUGCAGAAGAAACAUUUUGCU,AUGGAGUGUUAUCGUUGCGGCGUGUCUGGAUGUCAUUUGAAGAUAACCUGCAGUGCAGAAGAAACAUACAAAUGGCUGAACAAAAUUUCCAACGAGAGGUGGCUGGGAUGUGCAAAGACCUGCACGGAGAUUGACACAUGGAACGUGUACAACAAGUGUUGUACGACUAACUUGUGUAAUACG,UAACCUGCAGUGCAGAAGAAACAUACAAAU,66,6,d
10,2O31,GIDPFTGEAIAKFNFNGDTQVEMSFRKGERITLLRQVDENWYEGRIPGTSRQGIFPITYVDVIKRPL,GGGAUUGAUCCCUUUACUGGUGAGGCCAUUGCGAAAUUCAAUUUCAACGGAGAUACACAGGUGGAGAUGAGUUUCCGUAAGGGCGAAAGAAUUACACUUUUACGGCAAGUUGACGAAAACUGGUAUGAGGGUCGUAUCCCGGGUACAAGCAGACAGGGGAUAUUUCCGAUAACUUAUGUCGACGUUAUCAAAAGGCCUCUG,AUUCAAUUUCAACGGAGAUACACAGGUGGA,GGGAUUGAUCCCUUUACUGGUGAGGCCAUUGCGAAAUUCAAUUUCGGGGGCAAUACACAGGUGGAGAUGAGUUUCCGUAAGGGCGAAAGAAUUACACUUUUACGGCAAGUUGACGAAAACUGGUAUGAGGGUCGUAUCCCGGGUACAAGCAGACAGGGGAUAUUUCCGAUAACUUAUGUCGACGUUAUCAAAAGGCCUCUG,AUUCAAUUUCGGGGGCAAUACACAGGUGGA,45,7,s
11,2N8C,GCILNGRTDLGTLLFRCRRDSDCPGACICRGNGYCG,GGUUGUAUCCUUAACGGCCGCACAGAUUUAGGUACGCUCUUAUUUCGGUGCCGCAGGGAUUCGGACUGCCCAGGUGCUUGCAUAUGUCGAGGAAACGGCUAUUGUGGG,UUUCGGUGCCGCAGGGAUUCGGACUGCCCA,GGUUGUAUCCUUAACGGCCGCACAGAUUUAGGUACGCUCUUAUUCGGUGCCGCAGGGAUUCGGACUGCCCAGGUGCUUGCAUAUGUCGAGGAAACGGCUAUUGUGGG,UUCGGUGCCGCAGGGAUUCGGACUGCCCAG,43,1,d
12,1FQQ,GIGDPVTCLKSGAICHPVFCPRRYKQIGTCGLPGTKCCKKP,GGCAUCGGCGAUCCGGUGACCUGUCUGAAAUCUGGGGCUAUCUGCCAUCCAGUCUUCUGCCCCCGACGAUACAAACAAAUCGGAACGUGUGGACUCCCCGGCACGAAAUGUUGCAAGAAACCA,AACGUGUGGACUCCCCGGCACGAAAUGUUG,GGCAUCGGCGAUCCGGUGACCUGUCUGAAAUCUGGGGCUAUCUGCCAUCCAGUCUUCUGCCCCCGACGAUACAAACAAAUCGGAACGUGUGGACUCCAUACCCGGCACGAAAUGUUGCAAGAAACCA,AACGUGUGGACUCCAUACCCGGCACGAAAU,96,4,i
13,1Z9I,RRRHIVRKRTLRRLLQERELVEPLTPSGEAPNQALLRILKETEFKKIKVLGSG,AGGAGGCGACAUAUCGUCCGGAAGAGGACAUUAAGGCGCCUCCUACAGGAACGAGAACUGGUAGAACCGCUGACACCGUCUGGCGAGGCACCAAACCAAGCCUUACUCCGGAUAUUAAAGGAAACAGAAUUUAAGAAAAUAAAAGUGCUUGGGAGCGGG,GAGGACAUUAAGGCGCCUCCUACAGGAACG,AGGAGGCGACAUAUCGUCCGGAAGAGGACAUUAAGGUAGCGCCUCCUACAGGAACGAGAACUGGUAGAACCGCUGACACCGUCUGGCGAGGCACCAAACCAAGCCUUACUCCGGAUAUUAAAGGAAACAGAAUUUAAGAAAAUAAAAGUGCUUGGGAGCGGG,GAGGACAUUAAGGUAGCGCCUCCUACAGGA,35,3,i
14,5KUX,GIVNVPNCNTTKYQQLARTAVAIYNYHEQAHLTFVENLNCKEQLGEGDYYYITLAATDDAGKKAIYEAKIGVVESAGWTGVEEFKLVGSLEH,GGUAUUGUGAACGUACCGAAUUGUAACACAACGAAGUAUCAACAACUCGCACGAACCGCGGUUGCAAUCUACAACUACCACGAGCAAGCACACCUAACUUUCGUUGAAAAUCUUAACUGCAAAGAACAGCUUGGCGAGGGAGACUAUUACUACAUAACCCUGGCAGCGACGGAUGACGCCGGCAAAAAGGCGAUAUACGAGGCAAAGAUAGGGGUGGUGGAAAGCGCUGGCUGGACUGGAGUUGAAGAGUUUAAGCUUGUUGGAUCUCUGGAACAC,UAUACGAGGCAAAGAUAGGGGUGGUGGAAA,GGUAUUGUGAACGUACCGAAUUGUAACACAACGAAGUAUCAACAACUCGCACGAACCGCGGUUGCAAUCUACAACUACCACGAGCAAGCACACCUAACUUUCGUUGAAAAUCUUAACUGCAAAGAACAGCUUGGCGAGGGAGACUAUUACUACAUAACCCUGGCAGCGACGGAUGACGCCGGCAAAAAGGCGAUAUACGAGGCAAAGAUAGGGGUGGUGGACAAGCGCUGGCUGGACUGGAGUUGAAGAGUUUAAGCUUGUUGGAUCUCUGGAACAC,UAUACGAGGCAAAGAUAGGGGUGGUGGACA,221,1,i
15,4WFW,LVTGWQTAKPGELPYIAFSAHVYTSAPDKRSVTLNGERYREGDSPYQGLVIEQIEQDMVIFSFNGEPFILDSLQDWPGGKPGDD,CUAGUUACUGGGUGGCAGACGGCUAAGCCCGGUGAGCUCCCUUACAUCGCCUUCUCUGCGCAUGUCUACACGUCCGCUCCUGACAAAAGGAGCGUGACUUUAAACGGCGAGAGAUAUCGUGAAGGAGACUCACCUUACCAAGGUCUAGUAAUAGAGCAGAUAGAACAAGAUAUGGUGAUAUUUAGUUUUAACGGCGAACCCUUUAUACUCGACUCCUUGCAGGAUUGGCCUGGAGGGAAGCCUGGUGAUGAU,ACUCACCUUACCAAGGUCUAGUAAUAGAGC,CUAGUUACUGGGUGGCAGACGGCUAAGCCCGGUGAGCUCCCUUACAUCGCCUUCUCUGCGCAUGUCUACACGUCCGCUCCUGACAAAAGGAGCGUGACUUUAAACGGCGAGAGAUAUCGUGAAGGAGACUCACCUUACCAAGGUCUAGAAUAGAGCAGAUAGAACAAGAUAUGGUGAUAUUUAGUUUUAACGGCGAACCCUUUAUACUCGACUCCUUGCAGGAUUGGCCUGGAGGGAAGCCUGGUGAUGAU,ACUCACCUUACCAAGGUCUAGAAUAGAGCA,148,1,d
16,1LRI,TACTASQQTAAYKTLVSILSDASFNQCSTDSGYSMLTAKALPTTAQYKLMCASTACNTMIKKIVTLNPPNCDLTVPTSGLVLNVYSYANGFSNKCSSL,ACCGCGUGCACUGCCUCUCAACAAACCGCAGCAUAUAAAACGCUAGUCUCAAUCUUAUCGGAUGCCUCAUUUAACCAAUGCUCUACAGACAGCGGGUAUAGUAUGUUAACUGCGAAGGCCUUGCCCACUACAGCGCAAUAUAAACUAAUGUGUGCCAGUACGGCAUGUAAUACUAUGAUAAAGAAGAUCGUGACGUUGAAUCCCCCCAAUUGUGACCUAACCGUACCGACCAGUGGCCUUGUACUGAACGUUUACUCAUAUGCAAACGGUUUCAGUAACAAAUGUAGCUCGCUU,CUAGUCUCAAUCUUAUCGGAUGCCUCAUUU,ACCGCGUGCACUGCCUCUCAACAAACCGCAGCAUAUAAAACGCUAGUCUCAAUCUACUUUAUCGGAUGCCUCAUUUAACCAAUGCUCUACAGACAGCGGGUAUAGUAUGUUAACUGCGAAGGCCUUGCCCACUACAGCGCAAUAUAAACUAAUGUGUGCCAGUACGGCAUGUAAUACUAUGAUAAAGAAGAUCGUGACGUUGAAUCCCCCCAAUUGUGACCUAACCGUACCGACCAGUGGCCUUGUACUGAACGUUUACUCAUAUGCAAACGGUUUCAGUAACAAAUGUAGCUCGCUU,CUAGUCUCAAUCUACUUUAUCGGAUGCCUC,54,4,i
17,2L4M,SHMASPQFSQQREEDIYRFLKDNGPQRALVIAQALGMRTAKDVNRDLYRMKSRHLLDMDEQSKAWTIYR,AGCCAUAUGGCCAGCCCCCAAUUUUCCCAGCAAAGGGAGGAGGACAUUUACAGGUUUCUUAAGGAUAAUGGACCACAGCGUGCAUUGGUCAUAGCGCAGGCCCUCGGGAUGCGGACCGCGAAAGACGUCAAUAGGGAUCUCUAUCGAAUGAAAAGUAGGCACCUUUUAGAUAUGGACGAACAGAGUAAGGCUUGGACCAUAUAUCGU,CCCCAAUUUUCCCAGCAAAGGGAGGAGGAC,AGCCAUAUGGCCAGCCCCCAAUUCUUCCCAGCAAAGGGAGGAGGACAUUUACAGGUUUCUUAAGGAUAAUGGACCACAGCGUGCAUUGGUCAUAGCGCAGGCCCUCGGGAUGCGGACCGCGAAAGACGUCAAUAGGGAUCUCUAUCGAAUGAAAAGUAGGCACCUUUUAGAUAUGGACGAACAGAGUAAGGCUUGGACCAUAUAUCGU,CCCCAAUUCUUCCCAGCAAAGGGAGGAGGA,23,1,i
18,2MVH,MKFYTIKLPKFLGGIVRAMLGSFRKD,AUGAAGUUUUACACUAUUAAGCUGCCAAAGUUCUUAGGAGGCAUAGUUAGGGCCAUGCUUGGUUCUUUUCGGAAAGAC,AGGAGGCAUAGUUAGGGCCAUGCUUGGUUC,AUGAAGUUUUACACUAUUAAGCUGCCAAAGUUCUUAGGAGGCAUAGGCCAUGCUUGGUUCUUUUCGGAAAGAC,AGGAGGCAUAGGCCAUGCUUGGUUCUUUUC,45,5,d
19,1HYK,CVRLHESCLGQQVPCCDPCATCYCRFFNAFCYCRKLGTAMNPCSRT,UGCGUACGUUUGCACGAGAGCUGCCUUGGUCAACAAGUACCUUGCUGCGACCCCUGCGCCACUUGUUAUUGCCGGUUUUUCAACGCGUUCUGUUAUUGCAGAAAGUUAGGAACCGCUAUGAAUCCCUGCUCACGUACC,GUUAGGAACCGCUAUGAAUCCCUGCUCACG,UGCGUACGUUUGCACGAGAGCUGCCUUGGUCAACAAGUACCUUGCUGCGACCCCUGCGCCACUUGUUAUUGCCGGUUUUUCAACGCGUUCUGUUAUUGCAGAAAGUUAGCUUGGAACCGCUAUGAAUCCCUGCUCACGUACC,GUUAGCUUGGAACCGCUAUGAAUCCCUGCU,109,4,i
20,2ERL,DACEQAAIQCVESACESLCTEGEDRTGCYMYIYSNCPPYV,GACGCUUGUGAACAGGCGGCUAUCCAGUGCGUGGAGAGCGCCUGUGAAUCUCUGUGUACCGAAGGGGAAGACCGGACAGGCUGUUACAUGUAUAUAUAUUCUAAUUGUCCGCCCUACGUC,UCUGUGUACCGAAGGGGAAGACCGGACAGG,GACGCUUGUGAACAGGCGGCUAUCCAGUGCGUGGAGAGCGCCUGUGAAUCUCUGUGUACCGAAGGGGAAGACCGGACGUAGGCUGUUACAUGUAUAUAUAUUCUAAUUGUCCGCCCUACGUC,UCUGUGUACCGAAGGGGAAGACCGGACGUA,77,2,i
21,8QNT,GSMKNYQPNKDLLEILESQKIKIKNLKEEVKILQRKIDQQIAKERVIKQ,GGCUCGAUGAAAAAUUACCAGCCGAAUAAGGAUCUACUCGAGAUACUCGAGAGCCAAAAAAUUAAAAUCAAGAAUCUUAAGGAGGAGGUGAAAAUUUUGCAACGGAAAAUAGACCAGCAAAUCGCGAAGGAACGAGUUAUUAAACAG,CAGCAAAUCGCGAAGGAACGAGUUAUUAAA,GGCUCGAUGAAAAAUUACCAGCCGAAUAAGGAUCUACUCGAGAUACUCGAGAGCCAAAAAAUUAAAAUCAAGAAUCUUAAGGAGGAGGUGAAAAUUUUGCAACGGAAAAUAGACCAGCAAUCCCAAUCGCGAAGGAACGAGUUAUUAAACAG,CAGCAAUCCCAAUCGCGAAGGAACGAGUUA,120,5,i
22,6UX5,SSTPDGTWVKCRHDCFTKYKSCQMSDSCHDEQSCHQCHVKHTDCVNTGCP,AGCAGUACCCCCGAUGGUACGUGGGUCAAGUGCCGGCAUGACUGCUUUACUAAGUAUAAGUCAUGCCAAAUGAGUGACUCAUGCCAUGAUGAACAGUCAUGUCAUCAGUGUCACGUGAAGCAUACAGACUGUGUUAAUACCGGGUGCCCG,CAGUGUCACGUGAAGCAUACAGACUGUGUU,AGCAGUACCCCCGAUGGUACGUGGGUCAAGUGCCGGCAUGACUGCUUUACUAAGUAUAAGUCAUGCCAAAUGAGUGACUCAUGCCAUGAUGAACAGUCAUGUCAUCAGUGUCACGUGAAGCAUACAGUACCCGUUAAUACCGGGUGCCCG,CAGUGUCACGUGAAGCAUACAGUACCCGUU,126,6,s
23,3M1E,MELRHLRYFVAVVEEQSFTKAADKLCIAQPPLSRQIQNLEEELGIQLLERGSRPVKTTPEGHFFYQYAIKLLSNVDQMVSMTKRIAS,AUGGAGCUACGCCACCUUCGUUAUUUCGUCGCUGUGGUGGAGGAACAAUCGUUCACGAAGGCAGCAGACAAACUAUGUAUUGCCCAACCGCCCCUUUCGCGUCAAAUACAGAACCUUGAGGAAGAACUGGGGAUACAACUCCUCGAACGGGGGUCGAGACCCGUAAAGACUACGCCGGAAGGGCAUUUUUUCUAUCAAUAUGCGAUAAAGUUACUCUCGAACGUUGAUCAGAUGGUUAGCAUGACGAAGAGAAUAGCCAGC,GUCGCUGUGGUGGAGGAACAAUCGUUCACG,AUGGAGCUACGCCACCUUCGUUAUUUCGUCGCUGUGGAUAUUUGGAAAUCGUUCACGAAGGCAGCAGACAAACUAUGUAUUGCCCAACCGCCCCUUUCGCGUCAAAUACAGAACCUUGAGGAAGAACUGGGGAUACAACUCCUCGAACGGGGGUCGAGACCCGUAAAGACUACGCCGGAAGGGCAUUUUUUCUAUCAAUAUGCGAUAAAGUUACUCUCGAACGUUGAUCAGAUGGUUAGCAUGACGAAGAGAAUAGCCAGC,GUCGCUGUGGAUAUUUGGAAAUCGUUCACG,37,9,s
24,2HLT,MLQYRIIVDGRVQGVGFRYFVQMEADKRKLAGWVKNRDDGRVEILAEGPENALQSFVEAVKNGSPFSKVTDISVTESRSLEGHHRFSIVYS,AUGCUACAAUAUCGCAUUAUCGUUGACGGGCGCGUACAAGGUGUCGGCUUUAGAUACUUUGUUCAAAUGGAGGCCGACAAAAGAAAACUCGCAGGCUGGGUCAAAAACCGGGAUGACGGCCGUGUCGAGAUACUAGCCGAGGGCCCAGAAAAUGCCUUGCAGUCGUUUGUGGAGGCCGUUAAAAACGGUUCCCCGUUUUCCAAAGUCACUGAUAUAAGCGUUACUGAGUCAAGAUCGUUAGAAGGGCACCAUCGGUUUAGUAUAGUGUAUUCC,GGUUCCCCGUUUUCCAAAGUCACUGAUAUA,AUGCUACAAUAUCGCAUUAUCGUUGACGGGCGCGUACAAGGUGUCGGCUUUAGAUACUUUGUUCAAAUGGAGGCCGACAAAAGAAAACUCGCAGGCUGGGUCAAAAACCGGGAUGACGGCCGUGUCGAGAUACUAGCCGAGGGCCCAGAAAAUGCCUUGCAGUCGUUUGUGGAGGCCGUUAAAAACGGUUCCCCGUUUUCCAAAGUCCACUGAUAUAAGCGUUACUGAGUCAAGAUCGUUAGAAGGGCACCAUCGGUUUAGUAUAGUGUAUUCC,GGUUCCCCGUUUUCCAAAGUCCACUGAUAU,207,1,i
25,7YL8,PKYTIVDKETCIACGACGAAAPDIYDYDEDGIAYVTLDDNQGIVEVPDILIDDMMDAFEGCPTDSIKVADEPFDGDPNKFE,CCGAAAUACACUAUAGUUGAUAAGGAGACUUGCAUAGCGUGUGGCGCUUGCGGAGCCGCAGCUCCAGAUAUCUAUGACUAUGAUGAGGACGGAAUUGCUUAUGUUACGCUCGAUGAUAAUCAAGGGAUCGUCGAAGUUCCCGAUAUCCUGAUUGACGAUAUGAUGGAUGCGUUUGAGGGAUGUCCAACGGAUAGUAUAAAAGUAGCAGACGAGCCCUUCGACGGCGAUCCAAAUAAGUUCGAA,UCCUGAUUGACGAUAUGAUGGAUGCGUUUG,CCGAAAUACACUAUAGUUGAUAAGGAGACUUGCAUAGCGUGUGGCGCUUGCGGAGCCGCAGCUCCAGAUAUCUAUGACUAUGAUGAGGACGGAAUUGCUUAUGUUACGCUCGAUGAUAAUCAAGGGAUCGUCGAAGUUCCCGAUAUCCUGAUUGACGAUAUGGUGGAUGCGUUUGAGGGAUGUCCAACGGAUAGUAUAAAAGUAGCAGACGAGCCCUUCGACGGCGAUCCAAAUAAGUUCGAA,UCCUGAUUGACGAUAUGGUGGAUGCGUUUG,162,1,s
26,2JSN,MGHHHHHHLDSYAPRAEAEKTFSYPLDLLLKLHDERVLVAFGQRDGIRVGHAVLAINGMDVNGRYTADGKEVLEYLGNPANYPVSIRFGRPRLTSN,AUGGGCCAUCACCACCAUCACCAUUUAGAUUCCUACGCACCACGAGCAGAAGCCGAGAAGACCUUUUCCUACCCGCUGGACCUGCUACUCAAAUUACACGAUGAGCGAGUACUUGUUGCCUUUGGUCAGAGGGACGGGAUAAGGGUAGGGCAUGCAGUUCUGGCGAUCAACGGUAUGGACGUUAACGGACGUUAUACGGCAGACGGCAAGGAGGUGUUGGAAUAUCUCGGAAACCCCGCGAAUUAUCCUGUAAGUAUACGGUUCGGACGGCCACGAUUAACGUCCAAU,GUAUGGACGUUAACGGACGUUAUACGGCAG,AUGGGCCAUCACCACCAUCACCAUUUAGAUUCCUACGCACCACGAGCAGAAGCCGAGAAGACCUUUUCCUACCCGCUGGACCUGCUACUCAAAUUACACGAUGAGCGAGUACUUGUUGCCUUUGGUCAGAGGGACGGGAUAAGGGUAGGGCAUGCAGUUCUGGCGAUCAACGGUAUGGACACGGUGGGACGUUAUACGGCAGACGGCAAGGAGGUGUUGGAAUAUCUCGGAAACCCCGCGAAUUAUCCUGUAAGUAUACGGUUCGGACGGCCACGAUUAACGUCCAAU,GUAUGGACACGGUGGGACGUUAUACGGCAG,179,7,s
27,1R0F,MKKYTCTVCGYIYNPEDGDPDNGVNPGTDFKDIPDDWVCPLCGVGKDQFEEVE,AUGAAGAAGUAUACCUGUACUGUGUGUGGUUAUAUCUACAAUCCAGAGGACGGCGACCCAGAUAACGGCGUGAACCCAGGGACCGACUUCAAAGAUAUUCCUGAUGACUGGGUUUGUCCACUGUGUGGUGUGGGUAAAGACCAGUUUGAAGAGGUCGAA,GGGUUUGUCCACUGUGUGGUGUGGGUAAAG,AUGAAGAAGUAUACCUGUACUGUGUGUGGUUAUAUCUACAAUCCAGAGGACGGCGACCCAGAUAACGGCGUGAACCCAGGGACCGACUUCAAAGAUAUUCCUGAUGACUGGGUUUGUCCACUGUGUCAGGAGGUGUGGGUAAAGACCAGUUUGAAGAGGUCGAA,GGGUUUGUCCACUGUGUCAGGAGGUGUGGG,126,5,i
28,6KQV,KQKVLPVFYFAREPHSKPIKFLVSVSKENSTASEVLDSLSQSVHVKPENLRLAEVIKNRFHRVFLPSHSLDTVSPSDTLLCFELLSSE,AAACAAAAGGUGCUCCCAGUAUUCUAUUUCGCAAGAGAACCGCAUUCCAAGCCCAUCAAGUUCCUAGUGAGUGUAUCAAAGGAAAAUAGCACCGCGUCAGAGGUGCUAGAUUCUUUAAGUCAAAGCGUCCAUGUCAAGCCCGAGAAUCUCAGGCUAGCAGAGGUAAUUAAAAACCGUUUCCAUCGUGUCUUUCUUCCUUCCCAUUCCCUGGAUACAGUUAGUCCGAGCGAUACGCUCCUAUGCUUCGAGUUACUAUCCAGUGAA,CUCCUAUGCUUCGAGUUACUAUCCAGUGAA,AAACAAAAGGUGCUCCCAGUAUUCUAUUUCGCAAGAGAACCGCAUUCCAAGCCCAUCAAGUUCCUAGUGAGUGUAUCAAAGGAAAAUAGCACCGCGUCAGAGGUGCUAGAUUCUUUAAGUCAAAGCGUCCAUGUCAAGCCCGAGAAUCUCAGGCUAGCAGAGGUAAUUAAAAACCGUUUCCAUCGUGUCUUUCUUCCUUCCCAUUCCCUGGAUACAGUUAGUCCGAGCGAUACGCUCCUAUGCUUCGAGUUACUAUCCAGAUGAA,CUCCUAUGCUUCGAGUUACUAUCCAGAUGA,260,1,i
29,2YQQ,GSSGSSGLKCSTVVCVICLEKPKYRCPACRVPYCSVVCFRKHKEQCNPETSGPSSG,GGCUCCUCGGGGUCGUCGGGCCUUAAAUGCUCCACAGUAGUAUGUGUAAUAUGUUUGGAAAAACCCAAAUAUCGCUGCCCGGCAUGCAGGGUGCCCUAUUGUAGCGUGGUCUGUUUUCGCAAACACAAAGAGCAAUGCAAUCCAGAGACAUCCGGUCCCAGCUCUGGA,GUGUAAUAUGUUUGGAAAAACCCAAAUAUC,GGCUCCUCGGGGUCGUCGGGCCUUAAAUGCUCCACAGUAGUAUGUGUAAUAUGUUAAAAGAUACCCAAAUAUCGCUGCCCGGCAUGCAGGGUGCCCUAUUGUAGCGUGGUCUGUUUUCGCAAACACAAAGAGCAAUGCAAUCCAGAGACAUCCGGUCCCAGCUCUGGA,GUGUAAUAUGUUAAAAGAUACCCAAAUAUC,55,7,s
